{
    "loss": 0.7543572783470154,
    "accuracy": 0.6789297461509705
}