{
    "loss": 0.7044269442558289,
    "accuracy": 0.6989966630935669
}