{
    "loss": 0.7337068915367126,
    "accuracy": 0.6655518412590027
}